{
  "0_0_10_0_9_ATTACK": -19,
  "15_14_2_3_3_ATTACK": 42,
  "17_14_3_3_2_ATTACK": 67,
  "15_16_1_3_1_ATTACK": 76.4,
  "17_15_1_3_2_ATTACK": 44.18000000000001,
  "16_14_1_3_2_ATTACK": 58.2,
  "18_16_1_3_2_ALL_IN": 279.264246,
  "19_19_2_3_2_ATTACK": 116.64000000000001,
  "16_16_1_3_2_ATTACK": 60.6,
  "0_0_10_0_6_GROW": -10,
  "0_0_10_0_2_ATTACK": -19,
  "19_17_2_3_1_ATTACK": 70.8,
  "18_17_1_3_2_ATTACK": 361.77124603999994,
  "18_17_1_3_3_ATTACK": 208.99455200000003,
  "16_12_1_3_6_ATTACK": 10,
  "18_12_2_3_7_ATTACK": 10,
  "13_15_0_3_1_ATTACK": 76,
  "18_19_2_3_2_ATTACK": 117.26000000000002,
  "19_17_0_3_2_ATTACK": 156.678,
  "16_15_3_3_9_ATTACK": 10,
  "10_6_2_3_3_ATTACK": 38.800000000000004,
  "16_16_2_3_1_ATTACK": 72,
  "15_15_3_3_5_ATTACK": 10,
  "16_13_1_3_2_ATTACK": 117.86000000000001,
  "18_18_1_3_1_ATTACK": 80.60000000000001,
  "18_14_2_3_2_ATTACK": 60.800000000000004,
  "12_10_1_3_4_ATTACK": 24.400000000000002,
  "18_19_1_3_7_ATTACK": 10,
  "18_18_2_3_3_ATTACK": 49.400000000000006,
  "18_14_2_3_4_ATTACK": 29.6,
  "17_18_1_3_4_ATTACK": 18.2,
  "17_14_0_3_9_ATTACK": 10,
  "15_11_1_3_2_ATTACK": 106.5,
  "18_15_0_3_2_ATTACK": 67,
  "16_13_2_3_4_ATTACK": 28.400000000000002,
  "18_18_0_3_1_ATTACK": 73,
  "8_4_1_3_1_ATTACK": -10,
  "19_17_0_3_1_ATTACK": 74.2,
  "18_16_3_3_3_ATTACK": 41.800000000000004,
  "14_13_2_3_4_ATTACK": 23.8,
  "18_17_1_3_5_ATTACK": 19,
  "16_13_1_3_3_ATTACK": 108.18,
  "12_9_2_3_2_ATTACK": 64,
  "0_0_10_0_9_DEFEND": -19,
  "15_13_1_3_1_ATTACK": 77.60000000000001,
  "19_16_1_3_3_ATTACK": 104.45400000000001,
  "18_18_0_3_2_ATTACK": 122.84,
  "12_9_1_3_1_ATTACK": 74,
  "18_19_0_3_1_ATTACK": 81.4,
  "19_19_3_3_4_ATTACK": 22.200000000000003,
  "18_19_1_3_1_ATTACK": 76.80000000000001,
  "0_0_10_0_3_ATTACK": -19,
  "17_13_0_3_5_ATTACK": 10,
  "13_7_1_3_2_ATTACK": 55.800000000000004,
  "0_0_10_0_9_GROW": -10,
  "16_16_1_3_1_ATTACK": 83.2,
  "17_17_1_3_1_ATTACK": 74.60000000000001,
  "12_12_1_3_1_GROW": -10,
  "14_12_2_3_2_ATTACK": 67,
  "16_12_1_3_5_ATTACK": 10,
  "18_17_2_3_1_ATTACK": 215.04800000000003,
  "18_18_1_3_2_ATTACK": 150.208,
  "18_16_0_3_4_ATTACK": 28.8,
  "18_14_1_3_3_ATTACK": 43.6,
  "19_17_2_3_2_ATTACK": 111.16000000000001,
  "16_13_1_3_1_ATTACK": 138.98000000000002,
  "13_10_1_3_2_ATTACK": 52.800000000000004,
  "14_13_0_3_1_ATTACK": 78.4,
  "14_12_0_3_1_ATTACK": 80.80000000000001,
  "0_0_10_0_3_ALL_IN": -10,
  "6_4_2_2_1_ATTACK": 74.4,
  "18_13_0_3_4_ATTACK": 16,
  "19_17_2_3_5_ATTACK": 10,
  "18_16_0_3_3_ATTACK": -10,
  "19_16_2_3_3_ATTACK": 30.200000000000003,
  "15_11_2_3_3_ATTACK": 30.6,
  "17_17_2_3_2_ATTACK": 55,
  "18_11_2_3_3_ATTACK": 30.8,
  "14_9_0_3_4_ATTACK": 17.2,
  "18_16_3_3_9_ATTACK": 10,
  "16_14_1_3_1_ATTACK": 198.488,
  "17_16_1_3_2_ATTACK": 114.32,
  "19_18_1_3_3_ATTACK": 76.28,
  "7_1_1_2_9_ATTACK": -10,
  "18_17_0_3_6_ATTACK": 10,
  "18_18_1_3_5_ATTACK": 10,
  "0_0_10_0_2_DEFEND": -19,
  "15_12_1_3_2_ATTACK": 69.4,
  "19_19_1_3_2_ATTACK": 112.56,
  "19_17_0_3_4_ATTACK": 26,
  "19_15_2_3_3_ATTACK": 46.800000000000004,
  "19_19_2_3_3_ATTACK": 45.2,
  "14_12_3_3_2_ATTACK": 67.8,
  "19_17_1_3_1_ATTACK": 145.76,
  "18_16_2_3_6_ATTACK": 10,
  "19_15_0_3_4_ATTACK": 16,
  "18_13_1_3_9_ATTACK": 10,
  "19_17_1_3_5_ATTACK": 10,
  "10_9_2_3_2_ATTACK": 60,
  "18_15_0_3_4_ATTACK": 28,
  "16_15_1_3_3_ATTACK": 43.2,
  "19_17_1_3_4_ATTACK": 80.22640000000001,
  "16_15_1_3_9_ATTACK": 10,
  "18_16_2_3_1_ATTACK": 70.2,
  "17_16_1_3_4_ATTACK": 14.600000000000001,
  "19_17_2_3_1_ALL_IN": 70.4,
  "15_12_1_3_1_ATTACK": 139.36,
  "0_0_10_0_1_ATTACK": -19,
  "17_13_1_3_3_ALL_IN": 82.5,
  "17_14_1_3_3_ATTACK": 146.17680000000001,
  "19_16_1_3_2_ATTACK": 110.44,
  "0_0_10_0_3_DEFEND": -10,
  "16_13_1_3_9_ATTACK": 10,
  "19_18_3_3_2_ATTACK": 61.6,
  "17_15_2_3_2_ATTACK": 57.2,
  "16_12_1_3_2_ATTACK": -10,
  "18_17_2_3_2_ATTACK": 64,
  "18_17_0_3_9_ATTACK": 10,
  "18_16_1_3_5_ALL_IN": 10,
  "14_9_1_3_4_ATTACK": 27.400000000000002,
  "19_18_1_3_2_ATTACK": 155.662,
  "18_19_1_3_4_ATTACK": 52.06,
  "18_16_0_3_2_ATTACK": 211.6114,
  "17_14_0_3_4_ATTACK": 19.400000000000002,
  "16_12_2_3_5_ATTACK": 19,
  "19_18_1_3_9_ATTACK": 10,
  "15_10_2_3_6_ATTACK": 10,
  "18_15_1_3_3_ATTACK": 117.72400000000002,
  "15_8_1_3_4_ATTACK": 11.8,
  "16_14_2_3_1_ATTACK": 72.4,
  "17_15_3_3_9_ATTACK": 10,
  "19_16_3_3_2_ATTACK": 62.400000000000006,
  "18_16_2_3_9_ATTACK": 10,
  "17_18_1_3_2_ATTACK": 168.90800000000002,
  "0_0_10_0_1_DEFEND": -10,
  "17_14_2_3_9_ATTACK": 10,
  "18_15_1_3_9_ATTACK": -10,
  "18_15_0_3_3_ATTACK": 67.34,
  "15_14_2_3_2_ATTACK": 56.800000000000004,
  "18_18_2_3_4_ALL_IN": 17.2,
  "16_15_1_3_2_ATTACK": -10,
  "15_14_3_3_1_ATTACK": 80.4,
  "18_17_0_3_2_ATTACK": 56,
  "18_16_0_3_1_ATTACK": 71.8,
  "17_10_2_3_8_ATTACK": 10,
  "19_18_2_3_3_ATTACK": 43.400000000000006,
  "10_11_2_3_1_ATTACK": 84,
  "18_16_1_3_3_ATTACK": 119.93800000000002,
  "19_15_0_3_2_ATTACK": 65.2,
  "13_5_1_3_9_ATTACK": 10,
  "16_14_0_3_2_ATTACK": 68.60000000000001,
  "19_17_2_3_9_ATTACK": 10,
  "0_0_10_0_2_GROW": -19,
  "17_14_1_3_1_ATTACK": 74,
  "17_13_2_3_2_ATTACK": 52.2,
  "18_18_0_3_3_ATTACK": 70.53999999999999,
  "17_15_1_3_1_ATTACK": 76.80000000000001,
  "12_12_1_3_1_ATTACK": 76,
  "19_19_2_3_9_ATTACK": 10,
  "13_11_2_3_1_ATTACK": 73.8,
  "19_16_0_3_5_ATTACK": 19,
  "15_11_3_3_5_ATTACK": 10,
  "18_19_1_3_3_ATTACK": 44.400000000000006,
  "18_18_1_3_4_ATTACK": 47,
  "18_13_2_3_4_ATTACK": 10.200000000000001,
  "17_16_1_3_3_ATTACK": 75.62,
  "18_17_0_3_1_ATTACK": -10,
  "15_12_2_3_3_ATTACK": 46,
  "17_14_1_3_4_ATTACK": 21.400000000000002,
  "15_8_0_3_9_ATTACK": -10,
  "19_17_1_3_2_ATTACK": 211.008,
  "16_9_2_3_7_ATTACK": 10,
  "14_15_1_3_2_ATTACK": 105.02000000000001,
  "16_16_3_3_9_ATTACK": 10,
  "17_13_1_3_2_ATTACK": 113.82000000000002,
  "17_16_2_3_1_ATTACK": 79,
  "11_6_1_3_5_ATTACK": 10,
  "19_16_1_3_9_ATTACK": 10,
  "18_19_3_3_3_ATTACK": 49.400000000000006,
  "0_0_10_0_3_GROW": -10,
  "14_9_1_3_6_ATTACK": 10,
  "0_0_10_0_4_ATTACK": -10,
  "19_17_2_3_6_ATTACK": 10,
  "16_15_2_3_1_ATTACK": 78.60000000000001,
  "0_0_10_0_1_GROW": -10,
  "17_14_1_3_5_ATTACK": 10,
  "12_14_1_3_2_ATTACK": 67.4,
  "4_3_2_2_2_ATTACK": -10,
  "17_18_0_3_1_ATTACK": 80.60000000000001,
  "0_0_10_0_1_ALL_IN": -10,
  "12_11_1_3_1_ATTACK": -10,
  "18_15_1_3_1_ATTACK": 76.2,
  "18_17_3_3_3_ATTACK": 75.32000000000001,
  "18_17_0_3_3_ATTACK": 38.6,
  "16_11_1_3_5_ATTACK": 10,
  "0_0_10_0_2_ALL_IN": -10,
  "19_18_2_3_4_ATTACK": 27.200000000000003,
  "6_2_1_0_2_ATTACK": -10,
  "18_19_2_3_1_ATTACK": 73.4,
  "18_17_0_3_4_ATTACK": 16.400000000000002,
  "18_17_2_3_3_ATTACK": 48,
  "19_17_1_3_3_ATTACK": 73.52000000000001,
  "18_18_1_3_3_ATTACK": 46,
  "18_15_1_3_4_ATTACK": 26.8,
  "19_19_3_3_5_ATTACK": 10,
  "15_17_1_3_3_ATTACK": 37.2,
  "18_17_1_3_9_ATTACK": 10,
  "19_18_0_3_3_ATTACK": 38,
  "18_14_1_3_4_ATTACK": 27.6,
  "0_0_10_0_9_ALL_IN": -10,
  "19_18_3_3_3_ATTACK": 47,
  "16_11_1_3_2_ATTACK": 53.800000000000004,
  "19_19_2_3_4_ATTACK": 32.2,
  "18_19_1_3_2_ATTACK": 62.6,
  "17_13_1_3_4_ATTACK": 24,
  "17_15_1_3_3_ATTACK": 49.400000000000006,
  "17_11_1_3_6_ATTACK": 10,
  "14_16_2_3_2_ATTACK": 65,
  "19_16_1_3_1_ATTACK": 70.60000000000001,
  "0_0_10_0_6_ATTACK": -10,
  "19_19_1_3_1_ATTACK": 77.2,
  "15_15_0_3_1_ATTACK": -10,
  "18_17_0_3_3_ALL_IN": 37.6,
  "13_5_1_3_5_ATTACK": -10,
  "19_16_1_3_4_ATTACK": 25.8,
  "16_9_1_3_4_ATTACK": 26.8,
  "15_18_2_3_5_ATTACK": 10,
  "19_18_1_3_6_ATTACK": 10,
  "15_13_0_3_1_ATTACK": 78.60000000000001,
  "0_0_10_0_4_DEFEND": -10,
  "18_17_2_3_6_ATTACK": 10,
  "14_8_0_3_5_ATTACK": 10,
  "10_11_2_3_2_ATTACK": 68,
  "18_16_1_3_9_ATTACK": 10,
  "19_18_2_3_2_ATTACK": 106.98,
  "18_16_2_3_2_ATTACK": 120.42,
  "19_15_1_3_7_ATTACK": 10,
  "19_19_1_3_3_ATTACK": 33.800000000000004,
  "16_17_2_3_1_ATTACK": 80.4,
  "19_17_0_3_9_ATTACK": 10
}