{
  "10_10_0_0_0_ATTACK": 974.8572925293328,
  "9_8_0_3_1_ATTACK": 85.2,
  "13_11_2_0_1_ATTACK": 225.532,
  "13_12_2_1_1_ATTACK": 335.62762,
  "13_14_1_2_1_ATTACK": 160,
  "6_9_0_0_0_DEFEND": 193.24,
  "8_9_1_0_1_ATTACK": 445.4256954,
  "11_10_1_0_1_ATTACK": 405.64915,
  "9_10_0_0_0_ATTACK": 918.1164616879851,
  "13_10_2_0_1_ATTACK": 152.9,
  "8_7_0_1_0_ATTACK": 97.2,
  "9_9_0_0_0_ATTACK": 886.6973040767107,
  "11_9_1_0_1_ATTACK": 81.4,
  "10_9_1_0_0_ATTACK": 549.2445568200001,
  "12_10_1_1_1_ATTACK": 207.49,
  "9_10_1_1_0_ATTACK": 480.5097316,
  "9_11_1_1_1_ATTACK": 528.4701863720001,
  "13_13_2_3_1_ATTACK": 155.8,
  "8_9_1_0_0_ATTACK": 387.56532000000004,
  "12_11_1_0_1_ATTACK": 222.316,
  "9_10_1_0_1_ATTACK": 293.7454,
  "6_7_0_0_0_ATTACK": 91,
  "8_8_0_1_0_ATTACK": 408.3111600000001,
  "12_10_1_0_0_ATTACK": 574.7912762640001,
  "11_11_1_1_1_ATTACK": 453.9475896,
  "7_8_0_0_0_ATTACK": 506.65403380000004,
  "10_9_1_1_0_ATTACK": 179.44,
  "13_13_2_1_1_ATTACK": 84,
  "11_10_1_0_0_ATTACK": 832.5249291377324,
  "10_12_2_3_1_ATTACK": 153.86,
  "12_12_2_1_1_ATTACK": 315.152,
  "12_12_0_0_0_ATTACK": 426.01216,
  "8_6_1_1_1_ATTACK": 79.80000000000001,
  "9_9_1_2_0_ATTACK": 255.73600000000005,
  "8_9_0_0_0_ATTACK": 1007.5341663065451,
  "15_12_2_3_2_ATTACK": 56,
  "7_9_0_1_0_ATTACK": 178.42000000000002,
  "11_9_2_0_1_ATTACK": 149.3,
  "8_6_0_1_0_ATTACK": 102.60000000000001,
  "11_10_2_1_0_ATTACK": 93,
  "10_9_0_0_0_ATTACK": 799.2120347815585,
  "12_13_1_1_1_ATTACK": 221.25400000000002,
  "9_11_1_2_1_ATTACK": 165.88,
  "10_10_1_0_0_ATTACK": 837.6857245804377,
  "11_12_1_1_0_ATTACK": 175.7,
  "11_9_1_0_0_ATTACK": 390.3345800000001,
  "12_12_1_2_1_ATTACK": 289.205,
  "8_9_1_1_0_DEFEND": 93.60000000000001,
  "10_10_2_3_1_ATTACK": 86.60000000000001,
  "10_10_1_0_1_ATTACK": 546.3838672032,
  "13_11_2_2_1_ATTACK": 84.60000000000001,
  "10_11_0_1_0_ATTACK": 259.962,
  "10_10_0_0_0_ALL_IN": 96.60000000000001,
  "8_11_0_0_0_ATTACK": 468.73751000000004,
  "11_11_2_3_1_ATTACK": 218.91000000000003,
  "12_12_1_1_0_ATTACK": 257.1,
  "10_9_1_1_1_ATTACK": 165.92000000000002,
  "5_8_0_0_0_ATTACK": 102.60000000000001,
  "11_11_1_0_1_ATTACK": 236.02999999999997,
  "9_10_1_0_0_ATTACK": 491.6738786000001,
  "11_11_0_1_0_ATTACK": 260.872,
  "15_12_1_0_1_ATTACK": 80,
  "9_11_1_0_0_ATTACK": 256.58400000000006,
  "10_10_2_0_1_ATTACK": 323.8321,
  "11_10_1_2_0_ATTACK": 175.24,
  "9_9_0_2_0_ATTACK": 184.92000000000002,
  "12_13_0_0_0_ATTACK": 255.68200000000002,
  "12_14_1_2_2_ATTACK": 69.8,
  "13_12_1_1_1_ATTACK": 225.49800000000005,
  "13_9_2_0_1_ATTACK": 78.2,
  "12_10_2_0_1_ATTACK": 218.102,
  "11_9_0_1_0_ATTACK": 188.44,
  "12_10_2_1_1_ATTACK": 80.80000000000001,
  "10_11_0_0_0_ATTACK": 830.0144110165046,
  "10_11_1_0_1_ATTACK": 392.711276,
  "11_10_0_0_0_ATTACK": 823.5847258258,
  "11_10_2_0_1_ATTACK": 331.0036600000001,
  "12_11_2_2_1_ATTACK": 86.80000000000001,
  "7_9_0_0_0_ATTACK": 876.2353388224811,
  "10_12_0_0_0_ATTACK": 195.78,
  "9_11_0_0_0_ATTACK": 104.80000000000001,
  "7_7_0_0_1_ATTACK": 82.2,
  "16_11_2_0_1_ATTACK": 80.60000000000001,
  "9_10_0_1_0_ATTACK": 184.46,
  "12_10_2_2_1_ATTACK": 73.2,
  "12_10_1_2_0_ATTACK": 174.12,
  "12_10_1_2_1_ATTACK": 160.7,
  "7_9_1_1_0_ATTACK": 254.546,
  "10_11_1_0_0_ALL_IN": 544.63585666,
  "11_10_1_1_0_ATTACK": 493.5226264,
  "10_10_1_2_1_ATTACK": 235.34000000000003,
  "12_12_2_0_1_ALL_IN": 72.60000000000001,
  "9_9_2_1_1_ATTACK": 86.80000000000001,
  "8_10_0_0_0_ATTACK": 865.6579291731138,
  "5_7_1_0_1_ATTACK": 90,
  "8_10_1_1_1_ATTACK": 234.288,
  "11_11_1_0_0_ATTACK": 620.7887327340001,
  "10_10_0_1_0_ATTACK": 390.73596000000003,
  "8_10_1_1_0_ATTACK": 178.96,
  "10_9_1_0_1_ATTACK": 287.9846,
  "12_11_0_0_0_ATTACK": 182.12,
  "11_11_1_3_1_ATTACK": 84,
  "9_11_1_1_0_ATTACK": 253.99,
  "15_12_2_3_1_ATTACK": 74.8,
  "13_12_1_0_0_ATTACK": 184.86,
  "8_11_1_1_1_ATTACK": 162.2,
  "8_10_0_1_0_ATTACK": 97,
  "10_13_0_1_0_ALL_IN": 101.2,
  "11_9_0_0_0_ATTACK": 430.80008000000004,
  "7_11_0_1_0_ATTACK": 96,
  "11_13_0_1_0_ATTACK": 98.2,
  "12_13_1_2_1_ATTACK": 160.66000000000003,
  "11_12_1_1_1_ATTACK": 442.91730240000004,
  "9_11_1_3_1_ATTACK": 79.60000000000001,
  "12_14_2_3_1_ATTACK": 82.80000000000001,
  "7_10_0_1_0_ATTACK": 248.43800000000002,
  "10_10_1_0_0_DEFEND": 93.80000000000001,
  "11_13_1_3_1_ATTACK": 80.60000000000001,
  "8_9_2_0_2_ATTACK": 58.800000000000004,
  "9_9_1_0_1_ATTACK": 490.78666938000003,
  "6_10_0_2_0_ATTACK": 97,
  "12_9_1_0_1_ATTACK": 81.80000000000001,
  "8_11_0_1_0_ATTACK": 263.81,
  "13_13_0_0_0_ATTACK": 267.01800000000003,
  "14_10_1_0_0_ATTACK": 256.34400000000005,
  "11_11_2_1_1_ATTACK": 82.4,
  "8_7_0_0_0_ATTACK": 100,
  "10_12_1_2_1_ATTACK": 228.72000000000003,
  "9_9_1_0_0_ATTACK": 591.2117977300001,
  "12_10_1_0_1_ATTACK": 217.822,
  "16_13_2_0_3_ATTACK": 35,
  "10_11_1_2_1_ATTACK": 88,
  "9_11_0_2_1_ATTACK": 170.8,
  "9_13_0_1_1_ATTACK": 81.2,
  "15_12_2_1_1_ATTACK": 75,
  "9_10_1_2_1_ATTACK": 231.91000000000003,
  "12_14_0_0_0_ATTACK": 356.35420000000005,
  "12_13_2_2_1_ATTACK": 152.56,
  "15_11_2_0_2_ATTACK": 54.2,
  "8_8_1_0_0_ATTACK": 179.57999999999998,
  "10_8_1_0_0_ATTACK": 180.07999999999998,
  "11_11_0_0_0_ATTACK": 274.11800000000005,
  "10_11_1_1_0_ATTACK": 570.86108835,
  "9_12_0_2_0_ATTACK": 94.2,
  "13_11_1_0_1_ATTACK": 160.42000000000002,
  "9_12_1_2_1_ATTACK": 88.4,
  "15_14_1_1_1_ATTACK": 87,
  "14_11_1_0_0_ATTACK": 254.86200000000002,
  "12_11_2_0_2_ATTACK": 66,
  "13_10_0_0_0_ATTACK": 100.2,
  "14_13_2_3_1_ATTACK": 214.466,
  "12_14_2_1_2_ATTACK": 59,
  "9_8_0_1_0_ATTACK": 101.60000000000001,
  "13_12_2_0_1_ATTACK": 83.4,
  "12_10_0_1_0_ATTACK": 97.4,
  "11_9_2_1_1_ATTACK": 206.664,
  "11_10_0_1_0_ATTACK": 261.66,
  "11_11_1_1_0_ATTACK": 316.9772,
  "13_11_1_1_0_ATTACK": 93.60000000000001,
  "11_13_1_0_0_ATTACK": 194.62,
  "8_10_1_2_1_ATTACK": 82.4,
  "11_8_1_1_0_ATTACK": 99.4,
  "8_9_1_2_0_ATTACK": 93,
  "14_14_1_1_1_ATTACK": 79.80000000000001,
  "11_11_2_0_0_ATTACK": 91.4,
  "12_13_2_1_1_ATTACK": 81.2,
  "8_10_1_0_0_ATTACK": 182.34000000000003,
  "5_6_0_1_0_ATTACK": 99.80000000000001,
  "10_9_1_0_0_ALL_IN": 98.80000000000001,
  "11_14_1_0_0_ATTACK": 96.60000000000001,
  "10_13_0_0_0_ATTACK": 101.80000000000001,
  "6_8_0_1_0_ATTACK": 99.80000000000001,
  "8_9_0_1_0_ATTACK": 406.28688000000005,
  "10_9_1_1_2_ATTACK": 69.4,
  "8_10_0_1_0_DEFEND": 95,
  "13_10_1_1_0_ATTACK": 177.64000000000001,
  "12_9_0_1_0_ATTACK": 99.2,
  "12_11_1_1_0_ATTACK": 323.86460000000005,
  "10_12_1_3_2_ATTACK": 69.8,
  "7_6_0_0_0_ATTACK": 96.80000000000001,
  "10_11_1_1_1_ATTACK": 569.7948411133999,
  "12_14_2_2_1_ATTACK": 78.2,
  "13_12_1_0_1_ATTACK": 73.60000000000001,
  "10_10_1_0_0_ALL_IN": 92,
  "10_13_0_2_0_ATTACK": 95.60000000000001,
  "10_13_1_3_1_ATTACK": 86.2,
  "10_8_2_1_3_ATTACK": 39.400000000000006,
  "12_12_1_1_1_ATTACK": 228.77800000000002,
  "10_11_2_1_1_ATTACK": 141.92000000000002,
  "11_13_2_2_1_ATTACK": 216.812,
  "7_10_0_0_0_ATTACK": 530.5675998,
  "8_9_0_2_0_ATTACK": 186.54000000000002,
  "12_12_2_2_1_ATTACK": 156.60000000000002,
  "8_7_0_2_0_ATTACK": 96.80000000000001,
  "11_9_1_1_0_ATTACK": 178.9,
  "11_10_2_0_2_ATTACK": 67,
  "9_10_1_1_1_ALL_IN": 235.2,
  "6_10_0_0_0_ATTACK": 101.4,
  "11_10_1_3_1_ATTACK": 89.4,
  "13_11_0_1_0_ATTACK": 95.60000000000001,
  "8_10_2_2_1_ATTACK": 80.60000000000001,
  "15_11_2_2_1_ATTACK": 77.2,
  "11_8_1_2_1_ATTACK": 87.4,
  "10_11_1_3_1_ATTACK": 234.46,
  "12_10_0_2_0_ATTACK": 94.60000000000001,
  "10_8_1_1_0_ATTACK": 184.44,
  "11_12_1_0_0_ATTACK": 189.57999999999998,
  "11_13_2_1_1_ATTACK": 76,
  "10_14_2_1_1_ATTACK": 76.4,
  "13_13_1_0_0_ATTACK": 94.2,
  "10_13_2_1_2_ALL_IN": 64,
  "7_8_0_1_0_ATTACK": 404.64098000000007,
  "9_11_2_1_1_ATTACK": 201.102,
  "13_13_2_1_2_ATTACK": 125.42,
  "11_13_1_2_1_ATTACK": 82.2,
  "10_13_1_2_1_ATTACK": 88.60000000000001,
  "13_10_1_0_0_ATTACK": 334.869,
  "6_12_1_3_1_ATTACK": 89.80000000000001,
  "11_10_1_1_1_ATTACK": 161.06,
  "8_11_1_2_1_ATTACK": 227.334,
  "13_9_1_0_1_ATTACK": 86,