{
  "9_9_0_0_0_ATTACK": 954.5018834138649,
  "14_12_2_1_2_ATTACK": 68.2,
  "6_9_0_0_0_ALL_IN": 419.87284,
  "10_10_0_0_0_ATTACK": 977.1311204770741,
  "9_9_1_1_0_ATTACK": 176.22000000000003,
  "9_9_1_0_0_ATTACK": 659.1527776263,
  "10_10_0_2_0_ATTACK": 95.60000000000001,
  "9_8_0_1_0_ATTACK": 269.54400000000004,
  "15_14_2_1_2_ATTACK": 66.4,
  "9_10_0_0_0_ATTACK": 963.4251524251711,
  "15_10_2_0_2_ATTACK": 124.06,
  "10_13_0_0_0_ATTACK": 97.4,
  "7_9_0_0_1_ATTACK": 87.4,
  "12_10_1_2_0_ATTACK": 93.80000000000001,
  "9_12_0_0_0_ATTACK": 193.52000000000004,
  "12_12_0_0_0_ATTACK": 190.52000000000004,
  "8_9_1_0_0_ATTACK": 450.53153199999997,
  "11_11_1_0_1_ATTACK": 229.47199999999998,
  "10_12_1_2_1_ATTACK": 342.38178,
  "11_11_1_0_0_ATTACK": 390.80542,
  "11_11_0_1_0_ATTACK": 326.81620000000004,
  "11_11_0_0_0_ATTACK": 394.8592000000001,
  "12_12_1_1_0_ATTACK": 92.80000000000001,
  "5_7_0_0_0_ATTACK": 183.8,
  "11_11_1_1_0_ATTACK": 322.1578,
  "11_10_1_0_0_ATTACK": 686.4657754291419,
  "8_9_0_0_0_ATTACK": 983.9718878214671,
  "11_12_1_0_0_ATTACK": 264.894,
  "7_6_0_0_0_DEFEND": 96.60000000000001,
  "6_10_1_1_0_ATTACK": 90.4,
  "13_12_1_1_1_ATTACK": 232.29400000000004,
  "11_12_1_2_1_ATTACK": 89.2,
  "10_9_1_1_0_ATTACK": 325.7474,
  "12_11_2_1_1_ATTACK": 352.28686000000005,
  "10_14_1_3_1_ATTACK": 82.4,
  "6_10_0_0_0_ATTACK": 102,
  "12_9_1_1_1_ATTACK": 227.55,
  "10_9_0_0_0_ATTACK": 880.6858448637042,
  "8_11_1_0_0_ATTACK": 98.80000000000001,
  "8_8_0_0_0_ATTACK": 194.48000000000002,
  "10_10_1_0_1_ATTACK": 477.76341104000005,
  "8_10_0_0_0_ATTACK": 792.3895306583842,
  "11_9_1_2_0_ATTACK": 93,
  "10_8_2_1_1_ATTACK": 77.2,
  "12_11_1_0_0_ATTACK": 326.8988,
  "9_8_1_1_1_ATTACK": 75,
  "9_11_1_2_0_ATTACK": 172.74,
  "13_10_2_0_1_ATTACK": 428.08709120000003,
  "11_10_1_0_1_ALL_IN": 684.9059098378302,
  "10_11_1_0_0_ATTACK": 399.89202,
  "6_9_0_1_1_ATTACK": 88.60000000000001,
  "11_12_0_0_0_ATTACK": 198.04000000000002,
  "10_10_1_1_0_ATTACK": 537.6530091000001,
  "10_9_1_0_1_ATTACK": 349.99816000000004,
  "7_9_0_0_0_ATTACK": 850.0880058603715,
  "13_9_2_2_0_ATTACK": 92.60000000000001,
  "6_6_0_1_0_ATTACK": 98.80000000000001,
  "10_9_2_0_2_ATTACK": 65.4,
  "10_8_0_1_0_ATTACK": 189.78,
  "15_13_2_1_2_ATTACK": 62.400000000000006,
  "13_14_2_3_1_ATTACK": 80.4,
  "11_10_1_1_0_ATTACK": 389.41218000000003,
  "12_12_2_2_1_ATTACK": 159.74,
  "12_9_2_0_1_ATTACK": 152.26000000000002,
  "10_9_0_1_0_ATTACK": 335.8524,
  "10_9_1_0_0_ATTACK": 683.250346018012,
  "12_12_1_0_1_ATTACK": 87.2,
  "14_13_1_1_1_ATTACK": 86.80000000000001,
  "13_12_2_1_1_ATTACK": 316.66510000000005,
  "17_11_2_0_1_ATTACK": 139.76,
  "11_10_1_1_1_ATTACK": 294.88140000000004,
  "12_10_1_0_0_ATTACK": 612.9552514216001,
  "8_10_1_1_1_ATTACK": 397.09191200000004,
  "14_10_1_0_0_ATTACK": 176.5,
  "12_11_0_0_0_ATTACK": 326.9148,
  "14_10_2_0_1_ATTACK": 85,
  "11_9_0_0_0_ATTACK": 543.9009818,
  "12_13_2_2_1_ATTACK": 140.6,
  "15_16_1_1_1_ATTACK": 78.60000000000001,
  "10_8_1_1_1_ATTACK": 163.57999999999998,
  "10_11_1_0_1_ATTACK": 291.0516,
  "9_10_0_1_0_ATTACK": 432.12952400000006,
  "11_12_1_1_1_ATTACK": 229.572,
  "11_8_1_1_0_ATTACK": 94.2,
  "9_10_1_0_0_ATTACK": 437.410834,
  "9_8_1_0_1_ATTACK": 73.4,
  "9_13_0_0_0_ATTACK": 106.4,
  "10_13_1_1_1_ATTACK": 219.684,
  "14_11_1_0_1_ATTACK": 169.2,
  "10_12_0_0_0_ATTACK": 190.78,
  "11_12_1_2_2_ATTACK": 57.6,
  "10_11_0_0_0_ATTACK": 813.3162081872694,
  "13_12_1_0_1_ATTACK": 88.80000000000001,
  "12_15_2_3_1_ATTACK": 78.60000000000001,
  "11_11_2_2_1_ATTACK": 287.6426,
  "13_12_2_0_1_ATTACK": 76.4,
  "9_13_2_2_1_ATTACK": 74.8,
  "10_10_2_1_1_ATTACK": 153.14000000000001,
  "9_7_1_1_1_ATTACK": 81.4,
  "9_9_2_0_1_ATTACK": 153.5,
  "12_13_0_1_1_ATTACK": 89.60000000000001,
  "10_8_0_0_0_ATTACK": 106,
  "12_10_0_1_0_ALL_IN": 96.4,
  "12_10_1_0_0_ALL_IN": 92.80000000000001,
  "8_12_0_0_0_ATTACK": 193.14000000000001,
  "13_11_2_0_1_ATTACK": 385.81408000000005,
  "11_10_0_1_0_ATTACK": 183.14000000000001,
  "9_12_1_0_0_ATTACK": 98.2,
  "11_10_0_0_0_ATTACK": 786.1883805698396,
  "15_15_2_3_1_ATTACK": 71.8,
  "14_11_1_1_2_ATTACK": 68.8,
  "8_10_0_1_1_ATTACK": 87.4,
  "12_12_1_1_1_ATTACK": 236.15600000000003,
  "9_11_1_1_1_ATTACK": 142.52,
  "9_11_0_0_0_ATTACK": 351.7746,
  "8_9_1_1_0_ATTACK": 329.2094,
  "13_14_2_2_1_ATTACK": 76.4,
  "13_10_1_0_0_ATTACK": 180,
  "7_10_0_0_0_ATTACK": 416.23734,
  "11_9_1_0_0_ATTACK": 184.82000000000002,
  "11_11_1_1_1_ATTACK": 451.9883178,
  "16_11_2_0_1_ATTACK": 154.8,
  "9_13_1_3_1_ATTACK": 162.74,
  "10_10_1_0_0_ATTACK": 704.9669258807866,
  "11_15_2_3_1_ATTACK": 72,
  "8_11_1_1_0_ATTACK": 91.60000000000001,
  "15_13_0_0_0_ATTACK": 101.2,
  "8_10_1_1_0_ATTACK": 438.54456400000004,
  "14_14_1_1_1_ATTACK": 87.2,
  "9_8_1_0_0_ATTACK": 96.80000000000001,
  "9_13_1_2_0_ALL_IN": 174.8,
  "13_16_0_0_0_ATTACK": 100.2,
  "8_11_0_0_0_ATTACK": 283.796,
  "7_7_0_0_0_ATTACK": 194.34000000000003,
  "12_13_0_0_0_ATTACK": 269.31600000000003,
  "12_13_1_0_0_ATTACK": 184.2,
  "10_10_2_0_1_ATTACK": 221.114,
  "14_12_1_0_0_ATTACK": 92.80000000000001,
  "12_9_0_0_0_ALL_IN": 195.94,
  "12_12_1_2_1_ATTACK": 80.2,
  "11_13_1_3_1_ATTACK": 81.2,
  "15_11_2_1_1_ATTACK": 82,
  "8_11_1_1_1_ATTACK": 354.2269,
  "12_13_2_1_1_ATTACK": 78.80000000000001,
  "8_5_1_0_3_ATTACK": 42,
  "12_10_2_0_1_ATTACK": 348.17152,
  "7_8_0_0_0_ATTACK": 480.52467,
  "13_11_1_2_1_ATTACK": 165.7,
  "12_12_1_0_0_ATTACK": 259.852,
  "8_10_1_0_0_DEFEND": 254.662,
  "15_14_2_2_1_ATTACK": 78.4,
  "15_13_2_1_1_ATTACK": 71.2,
  "9_10_2_0_1_ATTACK": 151.04000000000002,
  "11_12_0_1_0_ATTACK": 98.60000000000001,
  "6_11_0_2_0_ATTACK": 96.4,
  "13_14_0_0_0_ATTACK": 104.60000000000001,
  "13_13_2_1_1_ATTACK": 81.80000000000001,
  "9_8_1_1_0_ATTACK": 98.80000000000001,
  "9_10_1_0_1_ATTACK": 516.910600346,
  "11_12_2_1_1_ATTACK": 71,
  "13_12_2_1_2_ATTACK": 69.4,
  "12_11_1_0_1_ATTACK": 285.27139999999997,
  "10_12_1_3_1_ATTACK": 89.2,
  "9_13_1_2_1_ATTACK": 83.80000000000001,
  "13_10_2_3_1_ATTACK": 90,
  "11_10_0_1_0_DEFEND": 97.80000000000001,
  "8_8_0_1_0_ATTACK": 410.25164,
  "5_11_0_1_0_ATTACK": 97,
  "15_10_0_0_0_ATTACK": 101.2,
  "13_10_1_0_1_ATTACK": 87.2,
  "10_8_1_2_0_ATTACK": 180.4,
  "7_12_0_1_0_ATTACK": 191.56,
  "13_11_1_0_0_ATTACK": 184.9,
  "7_10_0_2_0_ATTACK": 91,
  "9_11_1_2_1_ATTACK": 290.88160000000005,
  "8_9_0_0_0_DEFEND": 193.76000000000002,
  "11_10_1_0_2_ATTACK": 68.2,
  "8_8_1_1_0_ATTACK": 180.48000000000002,
  "12_11_1_1_1_ATTACK": 157.60000000000002,
  "9_9_1_0_1_ATTACK": 522.5575738,
  "14_13_2_1_0_ATTACK": 96.4,
  "13_11_1_0_1_ATTACK": 153.88,
  "10_10_1_2_0_ATTACK": 246.35000000000002,
  "10_12_1_0_0_ATTACK": 100.2,
  "9_10_1_2_0_ATTACK": 91.4,
  "13_15_1_2_1_ATTACK": 89.60000000000001,
  "12_10_0_1_0_ATTACK": 96.2,
  "8_12_1_2_1_ATTACK": 217.43600000000004,
  "14_7_2_3_1_ATTACK": 86.4,
  "10_13_2_3_1_ATTACK": 81.2,
  "8_12_1_1_1_ATTACK": 162.82000000000002,
  "12_12_0_1_0_ATTACK": 261.476,
  "11_11_2_1_1_ATTACK": 229.02999999999997,
  "12_11_2_0_1_ATTACK": 223.80400000000003,
  "9_10_1_1_1_ATTACK": 88.2,
  "6_8_0_1_0_ATTACK": 186.24,
  "8_8_1_0_0_ATTACK": 99,
  "12_11_1_1_0_ATTACK": 317.73060000000004,
  "7_8_1_0_1_ATTACK": 143.2,
  "10_15_0_1_0_ATTACK": 92.4,
  "12_12_2_1_1_ATTACK": 218.07000000000002,
  "11_12_1_2_0_ATTACK": 92.2,
  "11_9_1_0_1_ATTACK": 219.894,
  "9_10_1_1_0_ATTACK": 440.53031,
  "9_9_1_2_0_ATTACK": 179.5,
  "11_11_2_0_1_ATTACK": 152.74,
  "11_13_0_1_0_ATTACK": 100.80000000000001,
  "11_12_1_1_0_ATTACK": 174.46,
  "10_12_0_1_0_ATTACK": 179.52000000000004,
  "7_9_0_1_0_ATTACK": 263.59400000000005,
  "13_11_1_2_0_ATTACK": 251.3,
  "15_12_1_1_1_ATTACK": 89.2,
  "11_12_1_3_1_ATTACK": 80.80000000000001,
  "10_10_0_1_0_ATTACK": 180.86,
  "15_16_0_2_1_ATTACK": 89.2,
  "13_7_2_1_1_ATTACK": 86.80000000000001,
  "10_8_1_2_1_ATTACK": 82.80000000000001,
  "14_12_1_1_1_ATTACK": 157.42000000000002,
  "12_11_1_2_1_ATTACK": 89,
  "12_13_2_3_1_ATTACK": 217.97400000000002,
  "8_10_1_0_1_ATTACK": 291.14639999999997,
  "14_11_2_0_1_ATTACK": 154.78,