{
  "12_10_0_3_0_ATTACK": 90.2,
  "10_13_1_3_0_ATTACK": 94.60000000000001,
  "15_15_0_3_1_ATTACK": 160.62,
  "12_11_0_3_1_ATTACK": 223.03600000000003,
  "10_11_0_3_0_ATTACK": 96.2,
  "11_10_0_3_1_ATTACK": 88.80000000000001,
  "0_0_10_0_2_ATTACK": -10,
  "8_9_0_1_1_ATTACK": -10,
  "17_13_0_3_0_ATTACK": 179.76000000000002,
  "18_19_0_3_0_ATTACK": 180.04000000000002,
  "0_0_10_0_0_DEFEND": -46.8559,
  "11_10_0_3_0_ATTACK": 163.056,
  "0_0_10_0_1_ATTACK": -52.17031,
  "9_9_0_3_0_ATTACK": -10,
  "18_13_0_3_1_ATTACK": 84.2,
  "13_15_0_3_0_ATTACK": 74.96000000000001,
  "0_0_10_0_0_ALL_IN": -40.951,
  "13_7_1_2_1_ATTACK": 88,
  "11_10_0_2_0_ATTACK": -10,
  "17_17_0_3_0_ATTACK": 95.60000000000001,
  "13_13_0_3_0_ATTACK": 238.9814,
  "0_0_10_0_1_DEFEND": -52.17031,
  "14_13_0_3_2_ATTACK": 64.60000000000001,
  "17_15_1_3_1_ATTACK": 79.2,
  "14_13_0_3_1_ATTACK": 87.2,
  "11_9_1_3_1_ATTACK": 66.86,
  "11_6_0_2_1_ATTACK": -10,
  "14_15_0_2_0_ATTACK": 97.80000000000001,
  "14_12_1_3_1_ATTACK": 86.2,
  "10_9_1_1_0_ATTACK": 93,
  "4_2_0_0_0_ATTACK": 92.60000000000001,
  "15_15_0_3_0_ATTACK": 92.60000000000001,
  "16_18_0_3_1_ATTACK": 157.57999999999998,
  "7_5_0_1_0_ATTACK": -10,
  "15_14_0_3_1_ATTACK": -10,
  "12_13_0_3_0_ATTACK": 173.84000000000003,
  "14_12_0_3_0_ATTACK": 95.60000000000001,
  "11_7_0_1_0_ATTACK": 91,
  "15_14_1_3_1_ATTACK": 82,
  "9_3_0_2_1_ATTACK": 70.4,
  "11_7_1_1_0_ATTACK": 96.60000000000001,
  "5_0_1_0_3_ATTACK": -10,
  "18_19_0_3_1_ATTACK": 77,
  "12_11_0_2_1_ATTACK": -10,
  "16_16_0_3_0_ATTACK": 177.66000000000003,
  "14_12_0_3_1_ATTACK": 84.80000000000001,
  "15_17_0_3_1_ATTACK": 169.46,
  "0_0_10_0_0_ATTACK": -46.8559,
  "10_2_0_2_1_ATTACK": -10,
  "0_0_10_0_1_GROW": -46.8559,
  "17_15_0_3_1_ATTACK": 86.80000000000001,
  "8_2_1_0_1_ATTACK": -10,
  "15_13_0_3_0_ATTACK": 251.988,
  "0_0_10_0_0_GROW": -46.8559,
  "13_12_0_3_1_ATTACK": 73.4,
  "7_3_0_0_0_ATTACK": 96.2,
  "2_0_0_0_1_ATTACK": -10,
  "10_10_0_3_0_ATTACK": 91.80000000000001,
  "15_16_0_3_0_ATTACK": 95.60000000000001,
  "15_14_0_3_0_ATTACK": -10,
  "17_10_0_3_3_ATTACK": 38.400000000000006,
  "13_8_0_3_1_ATTACK": 83.80000000000001,
  "13_11_0_3_0_ATTACK": 96.4,
  "5_1_1_0_1_ATTACK": -10,
  "7_1_0_0_3_ATTACK": -10,
  "11_12_0_2_0_ATTACK": -10,
  "8_2_0_2_2_ATTACK": 58,
  "16_9_0_3_0_ATTACK": 91.80000000000001,
  "0_0_10_0_1_ALL_IN": -46.8559,
  "14_15_0_3_0_ATTACK": 141.626,
  "17_18_1_3_1_ATTACK": 160.36,
  "11_13_1_3_1_ATTACK": 86,
  "14_13_1_3_1_ATTACK": 88.80000000000001,
  "15_14_0_3_0_DEFEND": 97.4,
  "13_12_1_3_0_ATTACK": 93.2,
  "6_3_0_1_0_ATTACK": -10,
  "7_5_0_0_0_ATTACK": 100,
  "14_16_1_3_1_ATTACK": 86.4,
  "10_8_1_1_0_ATTACK": 93.2,
  "10_10_0_2_0_ATTACK": 98.2,
  "17_19_1_3_1_ATTACK": 154.82,
  "14_14_0_3_0_ATTACK": 178.57999999999998,
  "0_0_10_0_4_ATTACK": -10,
  "14_3_1_1_2_ATTACK": 53.6,
  "7_1_0_1_3_ATTACK": 40.400000000000006,
  "11_11_0_2_0_ATTACK": -10,
  "17_9_0_3_1_ATTACK": 73.2,
  "6_5_0_2_0_ATTACK": 96.2,
  "14_8_0_2_1_ATTACK": 85.2,
  "7_3_1_0_1_ATTACK": -10,
  "15_11_1_3_1_ATTACK": 89.80000000000001,
  "17_15_0_3_0_ATTACK": 172.57999999999998,
  "15_17_1_3_0_ATTACK": 91.2,
  "17_16_0_3_1_ATTACK": 283.5008,
  "11_12_0_3_1_ATTACK": 88.4,
  "8_1_1_2_3_ATTACK": -10,
  "6_5_0_0_0_ATTACK": -10,
  "10_8_0_1_0_ATTACK": -10,
  "17_19_0_3_1_ATTACK": 148.96,
  "0_0_10_0_2_DEFEND": -10,
  "16_17_0_3_1_ATTACK": 73.2,
  "11_11_1_3_3_ATTACK": 45.800000000000004,
  "18_19_1_3_1_ATTACK": 89.80000000000001,
  "17_10_1_3_1_ATTACK": 74.8,
  "5_5_0_1_0_ATTACK": -10,
  "12_8_0_2_2_ATTACK": -10,
  "0_0_10_0_2_GROW": -10,
  "12_11_0_1_0_ATTACK": -10,
  "17_17_0_3_2_ATTACK": 62.400000000000006,
  "7_3_0_1_1_ATTACK": -10,
  "4_1_0_0_1_ATTACK": -10,
  "14_10_1_3_1_ATTACK": 87,
  "13_17_0_3_0_ATTACK": 91.4,
  "13_7_0_2_3_ATTACK": -10,
  "15_13_0_3_2_ATTACK": 68.8,
  "14_14_0_3_1_ATTACK": 88,
  "17_18_0_3_1_ATTACK": 89,
  "18_14_0_3_0_ATTACK": 96.60000000000001,
  "1_0_0_0_0_ATTACK": -10,
  "12_9_1_3_1_ATTACK": 86,
  "15_8_1_2_1_ATTACK": 82.80000000000001,
  "13_16_0_3_0_ATTACK": 180,
  "8_11_0_3_0_ATTACK": 97.80000000000001,
  "15_11_0_3_1_ATTACK": 82.80000000000001,
  "13_15_1_3_0_ATTACK": 92.2,
  "2_0_0_0_0_ATTACK": -10,
  "14_13_0_2_2_ATTACK": -10,
  "8_6_1_1_0_ATTACK": -10,
  "13_10_1_3_2_ATTACK": 70,
  "11_2_0_3_2_ATTACK": 56,
  "13_15_1_3_1_ATTACK": 88,
  "14_16_0_3_0_ATTACK": 173.16000000000003,
  "9_10_0_3_0_ATTACK": 92.80000000000001,
  "18_12_0_3_2_ATTACK": 52.2,
  "16_10_0_3_2_ATTACK": 55.800000000000004,
  "4_0_0_1_3_ATTACK": 41.800000000000004,
  "12_6_0_1_1_ATTACK": 83.80000000000001,
  "6_2_0_1_1_ATTACK": 85.80000000000001,
  "12_5_1_1_2_ATTACK": 51.6,
  "5_4_0_1_0_ATTACK": -10,
  "1_0_0_0_1_ATTACK": -10,
  "16_18_0_3_0_ATTACK": 100,
  "17_13_0_2_1_ATTACK": 89.2,
  "6_5_0_1_0_ATTACK": 93.60000000000001,
  "0_0_10_0_3_ATTACK": -10,
  "18_19_0_3_2_ATTACK": 68.4,
  "15_17_0_2_0_ATTACK": 95.60000000000001,
  "16_13_1_3_1_ATTACK": 79.4,
  "12_10_0_2_0_ATTACK": 93.80000000000001,
  "17_17_1_3_1_ATTACK": 75.8,
  "14_3_0_2_3_ATTACK": 30.6,
  "16_17_1_3_1_ATTACK": 84,
  "13_14_0_3_0_ATTACK": -10,
  "16_16_0_3_1_ATTACK": 74.2,
  "14_15_0_3_1_ATTACK": 87.2,
  "14_13_0_3_0_ATTACK": 94.4,
  "11_10_1_3_1_ATTACK": -10,
  "15_14_1_3_0_ATTACK": 92.60000000000001,
  "8_10_0_2_0_ATTACK": 99,
  "16_15_0_2_0_ATTACK": 102.4,
  "17_12_0_3_1_ATTACK": 85,
  "13_14_1_3_0_ATTACK": 92.4,
  "17_13_0_3_1_ATTACK": 79.2,
  "14_10_0_2_0_ATTACK": 98.2,
  "7_2_0_2_2_ATTACK": 61.2,
  "15_15_0_2_0_ATTACK": -10,
  "0_0_10_0_3_DEFEND": -10,
  "12_8_0_1_1_ATTACK": 84.2,
  "13_6_1_3_1_ATTACK": 76.4,
  "13_10_0_3_0_ATTACK": -10,
  "9_9_0_2_0_ATTACK": 94,
  "15_13_1_1_0_ATTACK": 98.60000000000001,
  "12_15_1_3_0_ATTACK": 92.2,
  "13_7_1_3_3_ATTACK": 39.6,
  "0_0_10_0_2_ALL_IN": -10,
  "8_10_0_3_0_ATTACK": 96,
  "15_17_0_3_0_ATTACK": 92.60000000000001,
  "12_14_0_2_0_ATTACK": 92.4,
  "8_4_1_1_1_ATTACK": 78.60000000000001,
  "13_14_1_3_1_ATTACK": 73.8,
  "8_8_0_1_0_ATTACK": 97.60000000000001,
  "9_2_0_2_4_ATTACK": 24,
  "6_4_0_1_1_ATTACK": -19,
  "7_11_0_2_0_ATTACK": 98.2,
  "13_13_0_2_0_ATTACK": -10,
  "14_13_1_3_0_ATTACK": 100.60000000000001,
  "9_5_0_1_1_ATTACK": 78.60000000000001,
  "6_5_0_1_1_ATTACK": 82.80000000000001,
  "15_18_0_3_0_ATTACK": 97.4
}