{
  "0_0_10_0_0_ATTACK": -90.1522909781639,
  "15_12_1_2_0_ATTACK": 94.2,
  "0_0_10_0_0_DEFEND": -90.1522909781639,
  "17_14_0_3_0_ATTACK": 180.54000000000002,
  "0_0_10_0_0_GROW": -90.1522909781639,
  "0_0_10_0_9_ATTACK": -19,
  "14_15_1_3_0_ATTACK": 187.36,
  "17_17_0_3_1_ATTACK": 362.90668000000005,
  "13_14_0_3_1_ATTACK": 301.442,
  "16_18_0_3_1_ATTACK": 162.60000000000002,
  "10_13_0_3_0_ATTACK": 177.5,
  "12_10_0_3_0_ATTACK": 181.68,
  "16_14_0_3_0_ATTACK": 383.23304,
  "17_14_0_3_1_ATTACK": 338.68525999999997,
  "16_16_1_3_0_ATTACK": 176.8,
  "17_18_0_3_2_ATTACK": 66.60000000000001,
  "12_14_0_1_0_ATTACK": 96.2,
  "0_0_10_0_0_ALL_IN": -89.05810108684878,
  "13_14_1_3_0_ATTACK": 181.60000000000002,
  "13_8_0_2_0_ATTACK": 94.4,
  "14_16_0_3_2_ATTACK": 51.800000000000004,
  "13_13_0_3_0_ATTACK": 171.7,
  "13_8_0_1_0_ATTACK": 93.60000000000001,
  "9_10_1_3_1_ATTACK": 88.4,
  "14_14_0_3_0_ATTACK": 277.60076000000004,
  "10_12_0_3_0_ATTACK": 99.60000000000001,
  "13_16_0_2_0_ATTACK": 95.80000000000001,
  "13_15_0_3_0_ATTACK": 626.513314946784,
  "17_16_0_3_0_ATTACK": 175.38,
  "16_10_0_3_1_ATTACK": 88.4,
  "14_16_0_3_0_ATTACK": 319.7084,
  "10_7_0_3_0_ATTACK": 92.2,
  "15_14_0_3_0_ATTACK": 326.94860000000006,
  "14_12_0_3_0_DEFEND": -10,
  "15_10_0_3_1_ATTACK": 80.4,
  "15_7_0_1_1_ATTACK": 80,
  "14_14_1_3_1_ATTACK": 83.80000000000001,
  "14_16_0_2_0_GROW": -10,
  "0_0_10_0_1_ATTACK": -83.32281830033344,
  "8_7_0_0_1_ATTACK": -10,
  "1_0_1_0_1_ATTACK": -10,
  "8_7_1_3_2_ATTACK": -10,
  "10_9_0_2_0_ATTACK": 260.76,
  "16_11_0_3_1_ATTACK": 84.4,
  "16_5_1_3_6_ATTACK": 10,
  "17_17_0_3_0_ATTACK": 394.40034,
  "10_8_1_2_0_ATTACK": 92.60000000000001,
  "13_14_0_3_0_ATTACK": 210.7574,
  "12_16_0_3_0_ATTACK": 93.60000000000001,
  "16_14_1_3_0_ATTACK": 174.9,
  "15_13_1_3_0_ATTACK": 181.36,
  "14_13_0_2_0_ATTACK": 191.48000000000002,
  "9_4_1_1_2_ATTACK": 67.4,
  "13_12_0_3_0_ATTACK": 152.27800000000002,
  "13_11_0_2_0_ATTACK": -10,
  "13_6_1_3_4_ATTACK": 16.6,
  "17_14_1_3_0_ATTACK": 93.60000000000001,
  "17_16_0_3_1_ATTACK": 167.96,
  "15_18_1_3_1_ATTACK": 213.614,
  "12_11_0_3_0_ATTACK": 75.86,
  "6_3_0_0_0_ATTACK": -10,
  "12_13_0_3_0_ATTACK": 208.67784,
  "16_18_1_3_0_ATTACK": 98.4,
  "17_13_0_3_0_ATTACK": 383.97844000000003,
  "15_14_0_3_1_ATTACK": 355.98160000000007,
  "9_7_0_1_0_ATTACK": 97,
  "16_14_1_3_4_ATTACK": 24.400000000000002,
  "0_0_10_0_4_DEFEND": -10,
  "11_9_0_1_0_ATTACK": 254.17000000000002,
  "12_12_0_3_0_ATTACK": -19,
  "0_0_10_0_1_DEFEND": -83.32281830033344,
  "17_18_0_3_0_ATTACK": 178.24,
  "16_12_0_3_2_ATTACK": 114.96000000000001,
  "17_15_0_3_1_ATTACK": 376.48411999999996,
  "14_12_0_2_0_ATTACK": -10,
  "15_15_0_3_0_ATTACK": -10,
  "12_10_0_2_0_ATTACK": 99.2,
  "8_9_1_3_0_ATTACK": 93.4,
  "6_0_0_0_4_ATTACK": 22,
  "0_0_10_0_1_GROW": -83.32281830033344,
  "17_12_0_3_1_ATTACK": 343.7022,
  "14_4_0_3_4_ATTACK": 11.600000000000001,
  "0_0_10_0_1_ALL_IN": -81.4697981114816,
  "13_13_0_3_1_ATTACK": 168.8,
  "11_11_0_3_0_ATTACK": -10,
  "18_15_0_3_1_ATTACK": 143.48000000000002,
  "5_1_1_0_1_ATTACK": -10,
  "16_16_0_3_0_ATTACK": 173.16000000000003,
  "0_0_10_0_4_ATTACK": -19,
  "16_19_0_3_0_ATTACK": 93,
  "16_12_0_3_0_ATTACK": 316.0318,
  "18_19_1_3_1_ATTACK": 156.64000000000001,
  "9_8_1_3_0_ATTACK": 90.80000000000001,
  "18_17_0_3_1_ATTACK": 158.57999999999998,
  "10_8_0_3_0_ATTACK": 93.60000000000001,
  "15_13_0_3_0_ATTACK": 281.84485600000005,
  "18_19_1_3_2_ATTACK": 66.8,
  "0_0_10_0_4_GROW": -10,
  "15_15_0_3_0_DEFEND": 50.498000000000005,
  "7_2_1_1_2_ATTACK": -10,
  "16_19_0_3_1_ATTACK": 157.66000000000003,
  "5_1_0_0_1_ATTACK": -10,
  "11_9_0_3_0_ATTACK": -10,
  "16_8_0_3_3_ATTACK": 37.800000000000004,
  "8_3_0_3_2_ALL_IN": -10,
  "9_7_1_1_0_ATTACK": -10,
  "16_15_0_2_0_ATTACK": 193.02000000000004,
  "15_14_0_2_0_ATTACK": 99.60000000000001,
  "15_15_0_3_1_ATTACK": 402.907868,
  "0_0_10_0_2_ATTACK": -19,
  "14_16_1_3_0_ATTACK": 259.014,
  "0_0_10_0_2_DEFEND": -19,
  "12_14_0_3_0_ATTACK": -10,
  "14_15_0_3_0_DEFEND": 15.381746000000003,
  "13_10_0_3_1_ATTACK": 231.454,
  "16_13_0_3_1_ATTACK": 229.17000000000002,
  "14_13_0_3_1_ATTACK": 226.27,
  "16_15_0_3_1_ATTACK": 238.97400000000002,
  "10_9_0_3_1_ATTACK": 167.22000000000003,
  "10_0_1_1_9_ATTACK": -10,
  "18_18_0_3_1_ATTACK": 161.88,
  "11_11_0_2_0_GROW": -10,
  "5_1_0_0_1_DEFEND": -10,
  "14_16_1_2_0_ATTACK": 90.4,
  "14_15_0_2_0_ATTACK": 90.2,
  "11_12_0_3_0_ATTACK": 96.2,
  "6_0_0_0_2_ATTACK": 66.2,
  "13_12_0_3_0_DEFEND": -10,
  "16_17_0_3_0_ATTACK": 446.058048,
  "12_17_1_3_0_ATTACK": 92.4,
  "0_0_10_0_2_GROW": -27.1,
  "13_13_1_3_0_ATTACK": 177.42000000000002,
  "13_13_0_3_0_DEFEND": -10,
  "15_13_0_2_0_ATTACK": 98.60000000000001,
  "9_8_0_1_0_ATTACK": -10,
  "16_12_0_3_1_ATTACK": 158.42000000000002,
  "11_13_0_2_0_ATTACK": -19,
  "9_12_1_3_1_ATTACK": 87.2,
  "12_3_1_2_6_ATTACK": -10,
  "9_8_0_3_0_ATTACK": 93.2,
  "14_10_0_3_1_ATTACK": 85.2,
  "17_19_1_3_0_ATTACK": 90.80000000000001,
  "11_12_0_3_2_ATTACK": 53,
  "15_8_0_3_3_ATTACK": 37.6,
  "11_7_0_2_0_ATTACK": 92.4,
  "13_16_0_3_1_ATTACK": 85.2,
  "2_0_0_0_1_ATTACK": -10,
  "18_14_1_3_0_ATTACK": 90.2,
  "16_6_1_3_9_ATTACK": 10,
  "17_18_0_3_1_ATTACK": 338.92714,
  "16_16_0_3_1_ATTACK": 236.73400000000004,
  "7_5_0_1_0_ATTACK": 173.60000000000002,
  "10_8_0_2_0_ATTACK": 94.80000000000001,
  "10_10_1_3_0_ATTACK": 90.4,
  "11_15_0_3_1_ATTACK": -10,
  "15_16_0_2_0_ATTACK": 82.34,
  "18_19_0_3_1_ATTACK": 273.65160000000003,
  "16_14_0_3_1_ATTACK": 287.0202,
  "13_9_0_2_1_ATTACK": 73.2,
  "13_12_1_3_1_ATTACK": 81.80000000000001,
  "16_16_1_3_1_ATTACK": 225.602,
  "18_13_0_3_1_ATTACK": 82,
  "0_0_10_0_3_ATTACK": -19,
  "14_14_0_2_0_ATTACK": -10,
  "18_14_0_3_1_ATTACK": 218.904,
  "15_13_1_3_1_ATTACK": 164.22000000000003,
  "12_11_0_1_0_ATTACK": 100.4,
  "14_13_0_3_0_ATTACK": 72.26,
  "16_19_1_3_1_ATTACK": 71.2,
  "16_18_0_3_0_ATTACK": 181.72000000000003,
  "3_1_0_0_0_ATTACK": -19,
  "7_1_0_2_2_ATTACK": 58.6,
  "13_14_1_3_1_ATTACK": 232.22199999999998,
  "7_7_0_2_0_ATTACK": -10,
  "15_13_1_2_0_ATTACK": 96.2,
  "10_8_0_1_0_ATTACK": -10,
  "15_13_0_3_1_ATTACK": 84.80000000000001,
  "14_15_1_3_1_ATTACK": 157.26,
  "10_11_0_3_0_ATTACK": 256.62800000000004,
  "12_7_0_3_9_ATTACK": 10,
  "16_17_0_3_1_ATTACK": 233.512,
  "6_3_0_1_1_ATTACK": -10,
  "17_17_0_3_9_ATTACK": 10,
  "14_15_0_1_0_ATTACK": 102.80000000000001,
  "13_8_0_3_1_ATTACK": 79.4,
  "10_9_0_3_0_ATTACK": -10,
  "5_3_0_0_0_ATTACK": 95.80000000000001,
  "15_16_1_3_1_ATTACK": 268.62,
  "13_15_0_3_1_ATTACK": 230.892,
  "13_13_1_3_1_ATTACK": 89,
  "4_1_0_0_1_ATTACK": -10,
  "13_15_1_3_0_ATTACK": 260.75600000000003,
  "15_17_1_3_0_ATTACK": 259.82800000000003,
  "9_8_0_2_0_ATTACK": 90.60000000000001,
  "14_15_0_3_1_ATTACK": 346.20474,
  "0_0_10_0_3_DEFEND": -10,
  "13_16_1_3_1_ATTACK": 89,
  "8_2_0_0_1_ATTACK": -10,
  "0_0_10_0_9_DEFEND": -19,
  "13_12_0_2_0_ATTACK": 226.77902,
  "15_14_1_3_0_ATTACK": 386.74492000000004,
  "10_10_0_2_0_ATTACK": 79.28,
  "6_4_1_1_1_ATTACK": -10,
  "10_0_0_0_7_ATTACK": 10,
  "12_14_1_3_1_ATTACK": 73.4,
  "11_2_1_1_6_ATTACK": 10,
  "8_8_0_1_0_ATTACK": 97.2,
  "2_0_1_0_1_ATTACK": -10,
  "12_14_0_2_0_ATTACK": -10,
  "14_17_1_3_1_ATTACK": 165.3,
  "16_18_1_3_1_ATTACK": 149.7,
  "11_11_1_3_1_ATTACK": 85.60000000000001,
  "11_14_0_2_0_ATTACK": -10,
  "18_19_0_3_0_ATTACK": 184.26000000000002,
  "11_7_0_3_1_ATTACK": 81.2,
  "12_5_0_2_2_ATTACK": -10,
  "11_8_0_3_0_ATTACK": 97.80000000000001,
  "17_19_1_3_2_ATTACK": 59.2,
  "17_7_1_3_4_ATTACK": 13.200000000000001,
  "17_15_1_3_2_ATTACK": 64,
  "11_5_0_1_1_ATTACK": 86.80000000000001,
  "12_6_0_2_0_ATTACK": 91.60000000000001,
  "13_12_1_3_0_ATTACK": 177.60000000000002,
  "14_6_0_2_3_ATTACK": 47.400000000000006,
  "6_3_0_1_1_DEFEND": -10,
  "9_6_1_1_0_ATTACK": -10,
  "14_11_1_3_1_ATTACK": 84.4,
  "15_16_0_3_0_ATTACK": 332.3262000000001,
  "17_9_0_3_6_ATTACK": 10,
  "12_12_0_3_0_GROW": -10,
  "0_0_10_0_4_ALL_IN": -10,
  "13_12_0_3_1_ATTACK": 156.66000000000003,
  "6_5_1_1_2_ATTACK": -10,