{
  "14_16_0_3_0_ATTACK": 180.48000000000002,
  "16_12_1_3_0_ATTACK": 93.80000000000001,
  "11_13_1_3_1_ATTACK": 87.2,
  "0_0_10_0_0_ATTACK": -52.17031,
  "13_13_0_3_0_ATTACK": 77.3,
  "0_0_10_0_0_DEFEND": -52.17031,
  "16_12_0_3_1_ATTACK": 84,
  "0_0_10_0_1_ATTACK": -46.8559,
  "17_14_1_3_1_ATTACK": 154.5,
  "16_15_1_3_0_ATTACK": 92,
  "0_0_10_0_0_GROW": -52.17031,
  "15_17_1_3_0_ATTACK": 94.60000000000001,
  "15_13_1_3_0_ATTACK": 96,
  "14_16_0_3_1_ATTACK": 298.29900000000004,
  "12_10_1_3_2_ATTACK": 63.400000000000006,
  "11_12_0_2_0_ATTACK": 99.2,
  "16_18_1_3_1_ATTACK": 78,
  "5_3_0_1_1_ATTACK": -10,
  "12_13_0_2_0_ATTACK": 183.14000000000001,
  "7_3_1_0_0_ATTACK": -10,
  "0_0_10_0_0_ALL_IN": -46.8559,
  "0_0_10_0_1_DEFEND": -46.8559,
  "8_7_0_1_0_ATTACK": -10,
  "18_14_1_3_3_ATTACK": 43.800000000000004,
  "12_13_0_3_1_ATTACK": -10,
  "17_13_1_3_0_ATTACK": 177.42000000000002,
  "17_19_0_3_1_ATTACK": 165.22000000000003,
  "14_11_1_3_2_ATTACK": 67.60000000000001,
  "17_11_1_3_1_ATTACK": 88,
  "11_10_1_3_1_ATTACK": -10,
  "14_14_0_3_0_ATTACK": 256.84400000000005,
  "15_14_0_3_0_ATTACK": 177.16000000000003,
  "15_17_0_3_0_ATTACK": 179.36,
  "13_14_0_3_0_ATTACK": 98.2,
  "16_18_0_3_1_ATTACK": 87.80000000000001,
  "12_13_0_3_0_ATTACK": -10,
  "8_8_1_1_0_ATTACK": 99.2,
  "0_0_10_0_1_GROW": -46.8559,
  "16_18_0_3_0_ATTACK": 96.80000000000001,
  "11_9_0_1_0_ATTACK": 92.80000000000001,
  "17_11_0_2_1_ATTACK": 84,
  "11_9_1_3_1_ATTACK": 81.4,
  "12_5_0_2_2_ATTACK": 64.8,
  "17_19_0_3_0_ATTACK": 181.22000000000003,
  "4_1_0_0_0_ATTACK": -10,
  "8_11_0_3_0_ATTACK": -10,
  "8_6_0_2_1_ATTACK": -10,
  "17_17_0_3_1_ATTACK": 231.31,
  "15_17_1_3_0_DEFEND": 184.62,
  "8_6_0_1_0_ATTACK": -10,
  "9_8_0_2_0_ATTACK": 97.60000000000001,
  "0_0_10_0_2_ATTACK": -19,
  "15_11_0_3_1_ATTACK": 73.60000000000001,
  "8_9_0_3_0_ATTACK": 178.64000000000001,
  "18_19_1_3_1_ATTACK": 276.80640000000005,
  "10_1_0_0_4_ATTACK": 29.400000000000002,
  "17_15_0_3_0_ATTACK": 100.2,
  "15_19_0_3_0_ATTACK": 173.5,
  "11_11_0_2_0_ALL_IN": 97.4,
  "17_19_1_3_1_ATTACK": 70.60000000000001,
  "0_0_10_0_1_ALL_IN": -40.951,
  "2_2_0_0_0_ATTACK": 93,
  "8_11_0_1_0_ATTACK": 95.60000000000001,
  "16_14_0_3_1_ATTACK": 88.60000000000001,
  "17_15_0_3_1_ATTACK": 158.02,
  "12_16_1_3_1_ATTACK": 88,
  "12_9_0_3_0_ATTACK": 93.4,
  "7_5_0_2_1_ATTACK": 89,
  "10_8_1_3_1_ALL_IN": 88,
  "3_0_0_0_1_GROW": -10,
  "5_2_0_0_1_ALL_IN": -10,
  "17_17_1_3_1_ATTACK": 85.80000000000001,
  "12_13_0_1_0_ATTACK": 97.60000000000001,
  "17_18_0_3_1_ATTACK": 215.42600000000002,
  "13_12_1_3_0_ATTACK": 96,
  "5_0_0_0_3_DEFEND": -10,
  "16_16_1_3_1_ATTACK": 86,
  "12_9_0_2_1_ATTACK": 138.392,
  "14_15_0_3_0_ATTACK": 262.97400000000005,
  "16_17_0_3_1_ATTACK": 75.8,
  "16_10_0_3_1_ALL_IN": 89.4,
  "16_18_1_3_0_ATTACK": 91,
  "0_0_10_0_2_DEFEND": -10,
  "11_5_0_2_1_ATTACK": 78.60000000000001,
  "15_12_0_3_0_ATTACK": 90.60000000000001,
  "8_4_0_1_1_ATTACK": -10,
  "15_12_0_3_1_ATTACK": 291.783,
  "17_11_0_3_1_ATTACK": 77.60000000000001,
  "16_14_0_3_0_ATTACK": 175.32000000000002,
  "16_16_0_3_0_ATTACK": 98.60000000000001,
  "13_15_0_3_0_ATTACK": 173.8,
  "5_6_0_1_0_ATTACK": 98.60000000000001,
  "17_17_0_3_2_ATTACK": 67.2,
  "16_15_0_3_0_ATTACK": 180.54000000000002,
  "12_10_0_3_0_ATTACK": -10,
  "16_18_1_3_2_ATTACK": 59,
  "10_11_0_2_0_ATTACK": -10,
  "16_13_1_3_1_ATTACK": 86.60000000000001,
  "10_5_1_2_1_ATTACK": 160.16000000000003,
  "14_13_0_3_0_ATTACK": 91.4,
  "7_5_0_0_0_DEFEND": 99.80000000000001,
  "15_15_1_3_0_ATTACK": 95.4,
  "10_6_0_2_0_ATTACK": 91.2,
  "16_17_0_3_0_DEFEND": 99.60000000000001,
  "5_5_0_3_1_ATTACK": 88.2,
  "14_16_1_3_1_ATTACK": 87,
  "10_6_0_1_0_ATTACK": 99.2,
  "10_13_0_3_0_ATTACK": 92.4,
  "13_8_1_3_1_ATTACK": 81.80000000000001,
  "10_7_0_1_0_ATTACK": 97.60000000000001,
  "13_12_0_2_0_ATTACK": 97.4,
  "17_14_0_3_1_ATTACK": 160.56,
  "15_13_0_3_0_ATTACK": 92.4,
  "11_15_0_3_0_ATTACK": -10,
  "16_13_0_3_0_ATTACK": 92,
  "16_13_0_3_1_ATTACK": 89.2,
  "11_8_0_2_0_ATTACK": -10,
  "11_10_0_3_1_ATTACK": -10,
  "2_1_0_1_1_ATTACK": 87.80000000000001,
  "9_8_0_1_0_ATTACK": 96,
  "9_9_0_2_0_ATTACK": 95.4,
  "15_15_0_3_1_ATTACK": 88.2,
  "13_4_0_2_4_ATTACK": -10,
  "13_11_0_2_0_ATTACK": -10,
  "16_14_1_3_0_ATTACK": 95.4,
  "17_18_0_3_0_ATTACK": 98,
  "11_9_0_3_1_GROW": -10,
  "7_5_0_1_0_ATTACK": -10,
  "13_7_0_3_1_ATTACK": 82.60000000000001,
  "10_10_0_3_0_ATTACK": -10,
  "10_9_0_3_0_ATTACK": -10,
  "7_6_0_2_1_ATTACK": -10,
  "10_4_0_3_1_ATTACK": 80.2,
  "0_0_0_0_1_ATTACK": -10,
  "13_13_0_2_0_ATTACK": -10,
  "10_8_1_1_1_ATTACK": 89.2,
  "1_0_0_0_0_ATTACK": -10,
  "4_5_0_1_0_ATTACK": -10,
  "10_13_1_3_0_ATTACK": 96.80000000000001,
  "15_18_0_3_1_ATTACK": 85.60000000000001,
  "0_0_10_0_2_GROW": -10,
  "13_9_0_3_0_ATTACK": 92.80000000000001,
  "2_1_0_0_0_ATTACK": -10,
  "17_16_1_3_1_ATTACK": 81,
  "10_4_1_1_3_ATTACK": -10,
  "6_4_0_1_0_ATTACK": -10,
  "0_0_10_0_2_ALL_IN": -10,
  "12_9_0_2_0_ATTACK": 91.2,
  "8_5_0_1_0_ATTACK": -10,
  "19_19_1_3_1_ATTACK": 74.4,
  "0_0_10_0_4_ATTACK": -10,
  "11_12_0_3_1_ATTACK": 88.4,
  "13_3_1_3_4_ATTACK": 24.200000000000003,
  "8_11_0_3_0_DEFEND": 93.4,
  "13_16_1_3_0_ATTACK": 96.2,
  "4_3_0_0_0_ATTACK": -10,
  "16_12_1_3_1_ATTACK": 85,
  "13_5_0_2_1_ATTACK": 85.80000000000001,
  "10_7_0_2_1_ATTACK": 86,
  "9_2_1_1_2_ATTACK": 54.800000000000004,
  "14_14_1_3_0_ATTACK": 90.4,
  "13_14_1_3_0_ATTACK": 93.2,
  "11_10_0_3_0_GROW": -10,
  "13_13_0_2_0_DEFEND": -10,
  "12_12_0_2_0_ATTACK": 97.4,
  "11_4_0_3_2_ATTACK": -10,
  "8_5_0_1_1_ATTACK": -10,
  "12_11_0_3_0_DEFEND": -10,
  "12_8_0_3_1_ATTACK": 88.60000000000001,
  "11_12_0_3_0_ATTACK": -10,
  "18_15_0_3_3_ATTACK": 37.4,
  "12_15_0_3_1_ATTACK": -10,
  "9_5_1_2_2_ATTACK": -10,
  "5_1_0_0_1_ATTACK": 75.2,
  "6_2_0_1_0_ATTACK": -10,
  "3_1_1_0_1_ATTACK": -10,
  "12_13_0_3_0_DEFEND": -10,
  "18_19_0_3_0_ATTACK": 97.2,
  "11_11_1_3_1_ATTACK": 82.60000000000001,
  "13_14_1_3_1_ATTACK": 88.60000000000001,
  "16_12_0_3_0_ATTACK": 92,
  "14_11_0_3_1_ATTACK": 87.60000000000001,
  "17_11_0_3_3_ATTACK": 44.400000000000006,
  "11_14_1_3_1_ATTACK": 86.4
}