{
  "0_0_10_0_0_ATTACK": -68.618940391,
  "0_0_10_0_0_DEFEND": -68.618940391,
  "0_0_10_0_0_GROW": -65.13215599,
  "15_16_0_3_1_ATTACK": 238.03600000000003,
  "15_16_0_3_0_ATTACK": 394.29826,
  "0_0_10_0_0_ALL_IN": -65.13215599,
  "8_5_1_2_1_ATTACK": -10,
  "15_18_0_3_0_ATTACK": 262.36800000000005,
  "18_18_0_3_1_ATTACK": 80.4,
  "10_7_0_1_0_ATTACK": 100.2,
  "0_0_10_0_1_ATTACK": -46.8559,
  "9_6_0_0_1_ATTACK": 88.80000000000001,
  "0_0_10_0_1_DEFEND": -40.951,
  "18_19_0_3_0_ATTACK": 183.86,
  "12_13_0_3_0_ATTACK": -10,
  "11_8_0_1_0_ATTACK": 187.04000000000002,
  "17_15_0_3_2_ATTACK": 65.8,
  "16_16_0_3_1_ATTACK": 156.44,
  "11_13_0_3_1_ATTACK": 88.60000000000001,
  "17_12_0_3_0_ATTACK": 179.52000000000004,
  "13_15_0_2_0_ATTACK": -10,
  "11_11_0_2_0_ATTACK": 80.54,
  "14_10_0_3_1_ATTACK": 89.2,
  "15_10_0_3_2_ATTACK": 61.800000000000004,
  "16_17_0_3_1_ATTACK": 303.15340000000003,
  "0_0_10_0_2_ATTACK": -10,
  "0_0_10_0_1_GROW": -40.951,
  "16_18_0_3_0_ATTACK": 180.72000000000003,
  "4_2_0_2_1_ATTACK": -10,
  "12_11_0_3_0_ATTACK": 97.80000000000001,
  "11_5_0_3_2_ATTACK": 59.800000000000004,
  "0_0_10_0_2_DEFEND": -10,
  "11_12_0_2_0_ATTACK": 267.99800000000005,
  "16_14_0_3_1_ATTACK": 88.80000000000001,
  "16_17_1_3_1_ATTACK": 161.64000000000001,
  "17_16_0_3_0_ATTACK": 94.2,
  "10_12_0_3_0_ATTACK": 178.5,
  "7_6_0_1_0_ATTACK": -10,
  "13_8_1_2_1_ATTACK": 89,
  "0_0_10_0_1_ALL_IN": -40.951,
  "16_9_0_3_4_ATTACK": 28,
  "14_16_1_3_1_ATTACK": 87.2,
  "8_4_0_2_1_DEFEND": 85.60000000000001,
  "9_5_0_2_0_ATTACK": 91.2,
  "9_2_0_1_1_ATTACK": 77.60000000000001,
  "7_5_1_2_1_ATTACK": -10,
  "15_15_0_2_0_ATTACK": -10,
  "5_3_0_0_1_ATTACK": 84.60000000000001,
  "11_12_0_3_0_ATTACK": -10,
  "17_13_0_3_0_ATTACK": 179.36,
  "14_12_0_3_1_ATTACK": 89.2,
  "3_1_0_0_0_ATTACK": -10,
  "0_0_10_0_4_ATTACK": -10,
  "14_17_0_2_0_ATTACK": 96.2,
  "11_10_0_2_0_ATTACK": 91.60000000000001,
  "5_2_1_1_1_ATTACK": -10,
  "16_9_0_3_1_ATTACK": 84.4,
  "14_12_0_2_0_ATTACK": 91.60000000000001,
  "16_13_1_3_0_ATTACK": 97.60000000000001,
  "11_10_1_3_1_ATTACK": 84.4,
  "16_15_0_3_0_ATTACK": 181.8,
  "17_18_1_3_1_ATTACK": 78,
  "12_12_0_1_0_ATTACK": 96.60000000000001,
  "0_0_10_0_3_ATTACK": -10,
  "8_2_0_0_1_ATTACK": 87.60000000000001,
  "16_12_0_3_1_ATTACK": 74.8,
  "18_18_1_2_0_ATTACK": 100,
  "10_9_0_2_0_ATTACK": 187.06,
  "12_2_1_2_4_ATTACK": -10,
  "15_8_1_3_2_ATTACK": 66.2,
  "14_15_0_3_0_ATTACK": 91.2,
  "10_10_0_2_0_ATTACK": -10,
  "15_9_1_3_2_ATTACK": 63.800000000000004,
  "16_12_1_3_0_ATTACK": 94.60000000000001,
  "14_15_0_2_0_ATTACK": 101.60000000000001,
  "14_11_1_2_1_ATTACK": 85.4,
  "17_12_0_3_4_ATTACK": 27.200000000000003,
  "17_18_0_3_0_ATTACK": 256.4680000000001,
  "4_1_0_0_0_ATTACK": -10,
  "12_14_1_3_0_ATTACK": 176.94,
  "14_9_0_2_2_ATTACK": 61.800000000000004,
  "13_14_0_3_0_ATTACK": 183.3,
  "8_2_0_1_3_ATTACK": 44.2,
  "16_18_0_3_1_ATTACK": 84.4,
  "12_13_0_2_0_ATTACK": 99.4,
  "0_0_10_0_3_DEFEND": -10,
  "13_15_0_2_0_DEFEND": 95.60000000000001,
  "17_11_0_3_1_ATTACK": 157.66000000000003,
  "12_11_1_3_0_ATTACK": 180.06,
  "16_15_1_3_1_ATTACK": 85,
  "2_0_0_0_0_ATTACK": -10,
  "12_12_0_3_1_ATTACK": 67.58,
  "10_5_0_2_1_ATTACK": 75.60000000000001,
  "10_10_0_1_0_ATTACK": 79.82000000000001,
  "14_7_0_3_1_ATTACK": 81.2,
  "0_0_10_0_3_GROW": -10,
  "4_1_1_0_1_ATTACK": -10,
  "13_6_0_3_3_ATTACK": 47.6,
  "7_6_0_1_1_ATTACK": 84,
  "8_3_0_0_1_GROW": -10,
  "14_11_0_3_1_ATTACK": 165.9,
  "12_3_0_1_1_ATTACK": 71.8,
  "14_14_0_3_0_ATTACK": -10,
  "16_16_1_3_1_ATTACK": 88.60000000000001,
  "18_19_1_3_0_ATTACK": 97.80000000000001,
  "9_7_0_0_3_ATTACK": -10,
  "15_12_0_2_0_ATTACK": 100.60000000000001,
  "10_11_0_2_0_ATTACK": 93.60000000000001,
  "10_6_1_1_1_ATTACK": -10,
  "14_16_0_3_0_ATTACK": 171.56,
  "11_9_0_2_0_ATTACK": 96.4,
  "17_11_0_3_2_ATTACK": 67,
  "13_11_0_3_1_ATTACK": 89.60000000000001,
  "4_1_0_0_0_DEFEND": -10,
  "13_15_1_3_1_ATTACK": 78.80000000000001,
  "14_13_1_3_0_ATTACK": 94.4,
  "9_8_1_2_1_ATTACK": -10,
  "17_13_0_3_1_ATTACK": 87.2,
  "13_10_0_1_0_ATTACK": 96.60000000000001,
  "12_15_0_3_3_ATTACK": 45.800000000000004,
  "12_10_1_3_0_ATTACK": -10,
  "11_14_0_2_0_ATTACK": 102,
  "5_1_0_0_1_ATTACK": -10,
  "11_6_0_1_0_ATTACK": 91.2,
  "17_15_0_3_1_ATTACK": 89.80000000000001,
  "18_19_0_3_1_ATTACK": 157.76,
  "10_2_1_2_4_ATTACK": -10,
  "12_12_0_2_0_ATTACK": 74.96000000000001,
  "7_12_0_3_0_ATTACK": 96.80000000000001,
  "18_15_1_3_1_ATTACK": 79.80000000000001,
  "11_9_1_3_1_ATTACK": 82,
  "15_12_0_3_1_ATTACK": 86.60000000000001,
  "17_18_1_3_2_ATTACK": 66.4,
  "15_7_1_3_3_ATTACK": 39.2,
  "17_14_0_3_0_ATTACK": 174.28,
  "17_17_1_3_2_ATTACK": 65.4,
  "9_7_0_1_0_ATTACK": -10,
  "13_9_0_2_1_ATTACK": 82.2,
  "9_4_1_0_1_ATTACK": -10,
  "6_2_1_1_1_ATTACK": -10,
  "9_9_0_2_1_ATTACK": 90,
  "6_6_0_1_0_ATTACK": 98.80000000000001,
  "16_13_0_3_1_ATTACK": 71,
  "0_0_10_0_3_ALL_IN": -10,
  "17_17_0_3_0_ATTACK": 90.60000000000001,
  "17_15_0_3_0_ATTACK": 178.48000000000002,
  "10_5_1_0_0_ATTACK": 98.2,
  "13_15_1_3_0_ATTACK": 178.16000000000003,
  "16_17_0_3_0_ATTACK": 188.52000000000004,
  "17_10_1_3_2_ATTACK": 69.2,
  "19_19_0_3_1_ATTACK": 74.4,
  "14_14_0_3_0_DEFEND": 98.4,
  "11_9_0_3_0_ATTACK": -10,
  "9_6_0_1_0_ATTACK": -10,
  "16_17_1_3_0_ATTACK": 92.60000000000001,
  "15_12_0_3_0_ATTACK": 180.3,
  "17_15_1_3_4_ATTACK": 20.6,
  "16_14_0_3_0_ATTACK": 91,
  "15_17_1_3_2_ATTACK": 64.4,
  "4_2_0_1_0_GROW": -10,
  "17_8_0_3_2_ATTACK": 61.800000000000004,
  "9_10_0_3_0_ATTACK": 94.4,
  "11_6_1_3_2_ATTACK": 65,
  "12_14_0_3_1_ATTACK": 86.80000000000001,
  "8_7_0_1_0_ATTACK": -10,
  "14_15_0_3_1_ATTACK": 84.80000000000001,
  "10_13_0_3_0_ATTACK": 96.2,
  "14_12_1_3_0_ATTACK": 92.4,
  "17_11_1_3_1_ATTACK": 83,
  "7_6_0_1_0_DEFEND": -10,
  "14_15_1_3_0_ATTACK": 94.80000000000001,
  "12_12_0_3_0_ATTACK": 90.2,
  "14_15_1_3_1_ATTACK": 82,
  "12_13_0_3_0_DEFEND": -10,
  "15_15_0_2_0_DEFEND": 98.4,
  "15_14_0_3_4_ATTACK": 27.200000000000003,
  "4_1_0_0_0_GROW": -10,
  "11_6_1_2_1_ATTACK": 84.80000000000001,
  "12_9_0_1_0_ATTACK": 94.4,
  "5_2_1_2_1_ATTACK": -10,
  "13_14_0_1_0_ATTACK": 96.2
}