{
  "1_0_random": -49.974623560697175,
  "3_3_random": -23.42795,
  "2_1_random": -49.998924263345046,
  "3_1_random": -49.99972656217565,
  "4_1_random": -45.56853094017376,
  "2_0_random": -36.133158089853744,
  "4_2_random": -49.64651747549244,
  "4_3_random": -23.42795,
  "7_7_random": -9.5,
  "2_2_random": -46.01167784615638,
  "3_2_random": -49.910149485004276,
  "4_5_random": -17.195,
  "0_0_random": -9.5,
  "5_5_random": -9.5,
  "7_8_random": -9.5,
  "2_4_random": -5,
  "2_3_random": -9.5,
  "5_14_random": -5,
  "3_4_random": -5,
  "5_6_random": -9.5,
  "7_15_random": 10,
  "5_2_random": -13.55,
  "8_14_random": -5,
  "4_4_random": -17.195,
  "7_17_random": -5,
  "5_3_random": -17.195,
  "1_1_random": -26.085155,
  "3_0_random": -35.87852317595,
  "6_7_random": -5,
  "12_27_random": 10,
  "10_15_random": 5.5,
  "5_8_random": -13.55,
  "6_5_random": -5,
  "6_4_random": -13.55,
  "7_14_random": -5,
  "5_1_random": -5,
  "8_11_random": -5,
  "4_6_random": -5,
  "11_19_random": 10,
  "5_4_random": -20.4755,
  "7_9_random": -13.55,
  "6_9_random": -9.5,
  "11_22_random": 10,
  "14_38_random": 10,
  "5_13_random": -5,
  "3_5_random": -5,
  "6_6_random": -5,
  "6_16_random": -5
}